{
  "timestamp": "2025-12-28T06:51:27.774881",
  "algorithm": "PTF-Parallel",
  "metrics": {
    "execution_time_ms": 80686.04493141174,
    "memory_used_kb": 427604.0
  },
  "parameters": {
    "top_k": 1000,
    "num_workers": 4
  }
}