{
  "timestamp": "2025-12-28T06:53:32.475603",
  "algorithm": "PTF-Parallel",
  "metrics": {
    "execution_time_ms": 28685.47558784485,
    "memory_used_kb": 412556.0
  },
  "parameters": {
    "top_k": 250,
    "num_workers": 4
  }
}