{
  "timestamp": "2025-12-29T10:16:36.824319",
  "algorithm": "PTF-Parallel",
  "metrics": {
    "execution_time_ms": 12228.087902069092,
    "memory_used_kb": 354828.0
  },
  "parameters": {
    "top_k": 10,
    "num_workers": 4
  }
}