{
  "timestamp": "2025-12-29T10:14:29.810417",
  "algorithm": "PTF-Parallel",
  "metrics": {
    "execution_time_ms": 12674.368619918823,
    "memory_used_kb": 355832.0
  },
  "parameters": {
    "top_k": 1000,
    "num_workers": 4
  }
}