{
  "timestamp": "2025-12-29T10:15:46.578972",
  "algorithm": "PTF-Parallel",
  "metrics": {
    "execution_time_ms": 12833.137512207031,
    "memory_used_kb": 354736.0
  },
  "parameters": {
    "top_k": 100,
    "num_workers": 4
  }
}