{
  "timestamp": "2025-12-29T10:16:12.188819",
  "algorithm": "PTF-Parallel",
  "metrics": {
    "execution_time_ms": 12754.191875457764,
    "memory_used_kb": 355400.0
  },
  "parameters": {
    "top_k": 50,
    "num_workers": 4
  }
}