{
  "timestamp": "2025-12-29T10:15:20.850776",
  "algorithm": "PTF-Parallel",
  "metrics": {
    "execution_time_ms": 12661.553621292114,
    "memory_used_kb": 354072.0
  },
  "parameters": {
    "top_k": 250,
    "num_workers": 4
  }
}