{
  "timestamp": "2025-12-29T10:21:31.904063",
  "algorithm": "PTF-Parallel",
  "metrics": {
    "execution_time_ms": 74454.9367427826,
    "memory_used_kb": 1493140.0
  },
  "parameters": {
    "top_k": 500,
    "num_workers": 4
  }
}