{
  "timestamp": "2025-12-29T10:23:59.977290",
  "algorithm": "PTF-Parallel",
  "metrics": {
    "execution_time_ms": 73482.48100280762,
    "memory_used_kb": 1438280.0
  },
  "parameters": {
    "top_k": 250,
    "num_workers": 4
  }
}