{
  "timestamp": "2025-12-29T10:26:24.818805",
  "algorithm": "PTF-Parallel",
  "metrics": {
    "execution_time_ms": 72361.01627349854,
    "memory_used_kb": 1489604.0
  },
  "parameters": {
    "top_k": 100,
    "num_workers": 4
  }
}