{
  "timestamp": "2025-12-29T10:19:02.904234",
  "algorithm": "PTF-Parallel",
  "metrics": {
    "execution_time_ms": 73374.79662895203,
    "memory_used_kb": 1493652.0
  },
  "parameters": {
    "top_k": 1000,
    "num_workers": 4
  }
}