{
  "timestamp": "2025-12-29T10:49:02.118017",
  "algorithm": "PTF-Parallel",
  "metrics": {
    "execution_time_ms": 74651.72171592712,
    "memory_used_kb": 1502196.0
  },
  "parameters": {
    "top_k": 500,
    "num_workers": 4
  }
}