{
  "timestamp": "2025-12-29T10:46:32.634301",
  "algorithm": "PTF-Parallel",
  "metrics": {
    "execution_time_ms": 75686.43808364868,
    "memory_used_kb": 1451900.0
  },
  "parameters": {
    "top_k": 1000,
    "num_workers": 4
  }
}