{
  "timestamp": "2025-12-29T10:56:18.240942",
  "algorithm": "PTF-Parallel",
  "metrics": {
    "execution_time_ms": 72248.12650680542,
    "memory_used_kb": 1491304.0
  },
  "parameters": {
    "top_k": 50,
    "num_workers": 4
  }
}