{
  "timestamp": "2025-12-29T10:53:53.489730",
  "algorithm": "PTF-Parallel",
  "metrics": {
    "execution_time_ms": 72344.07687187195,
    "memory_used_kb": 1488952.0
  },
  "parameters": {
    "top_k": 100,
    "num_workers": 4
  }
}