{
  "timestamp": "2025-12-28T14:18:44.169560",
  "algorithm": "PTF-Parallel",
  "metrics": {
    "execution_time_ms": 180745.4812526703,
    "memory_used_kb": 352832.0
  },
  "parameters": {
    "top_k": 500,
    "num_workers": 4
  }
}