{
  "timestamp": "2025-12-28T14:39:17.671785",
  "algorithm": "PTF-Parallel",
  "metrics": {
    "execution_time_ms": 203931.52904510498,
    "memory_used_kb": 287624.0
  },
  "parameters": {
    "top_k": 50,
    "num_workers": 4
  }
}