{
  "timestamp": "2025-12-28T14:12:54.460951",
  "algorithm": "PTF-Parallel",
  "metrics": {
    "execution_time_ms": 165379.39429283142,
    "memory_used_kb": 299912.0
  },
  "parameters": {
    "top_k": 1000,
    "num_workers": 4
  }
}