{
  "timestamp": "2025-12-28T14:30:24.631034",
  "algorithm": "PTF-Parallel",
  "metrics": {
    "execution_time_ms": 169613.1055355072,
    "memory_used_kb": 346752.0
  },
  "parameters": {
    "top_k": 100,
    "num_workers": 4
  }
}