{
  "timestamp": "2025-12-28T14:45:30.752720",
  "algorithm": "PTF-Parallel",
  "metrics": {
    "execution_time_ms": 172163.53154182434,
    "memory_used_kb": 261420.0
  },
  "parameters": {
    "top_k": 10,
    "num_workers": 4
  }
}