{
  "timestamp": "2025-12-31T12:29:03.172397",
  "algorithm": "PTF-Parallel",
  "metrics": {
    "execution_time_ms": 5137.0484828948975,
    "memory_used_kb": 68856.0
  },
  "parameters": {
    "top_k": 1000,
    "num_workers": 10
  }
}