{
  "timestamp": "2025-12-31T12:32:12.967904",
  "algorithm": "PTF-Parallel",
  "metrics": {
    "execution_time_ms": 83341.24159812927,
    "memory_used_kb": 435068.0
  },
  "parameters": {
    "top_k": 1000,
    "num_workers": 6
  }
}