{
  "timestamp": "2025-12-31T12:33:25.295154",
  "algorithm": "PTF-Parallel",
  "metrics": {
    "execution_time_ms": 42336.19952201843,
    "memory_used_kb": 456056.0
  },
  "parameters": {
    "top_k": 500,
    "num_workers": 6
  }
}