{
  "timestamp": "2025-12-31T12:34:21.882696",
  "algorithm": "PTF-Parallel",
  "metrics": {
    "execution_time_ms": 29278.987169265747,
    "memory_used_kb": 428756.0
  },
  "parameters": {
    "top_k": 250,
    "num_workers": 6
  }
}