{
  "timestamp": "2025-12-31T12:35:13.366376",
  "algorithm": "PTF-Parallel",
  "metrics": {
    "execution_time_ms": 27014.394283294678,
    "memory_used_kb": 403088.0
  },
  "parameters": {
    "top_k": 100,
    "num_workers": 6
  }
}