{
  "timestamp": "2025-12-29T10:43:35.570207",
  "algorithm": "PTF-Parallel",
  "metrics": {
    "execution_time_ms": 13412.960290908813,
    "memory_used_kb": 382028.0
  },
  "parameters": {
    "top_k": 50,
    "num_workers": 4
  }
}