{
  "timestamp": "2025-12-29T10:42:40.160692",
  "algorithm": "PTF-Parallel",
  "metrics": {
    "execution_time_ms": 17110.93544960022,
    "memory_used_kb": 411388.0
  },
  "parameters": {
    "top_k": 250,
    "num_workers": 4
  }
}