{
  "timestamp": "2025-12-29T10:42:07.385856",
  "algorithm": "PTF-Parallel",
  "metrics": {
    "execution_time_ms": 25120.195150375366,
    "memory_used_kb": 433464.0
  },
  "parameters": {
    "top_k": 500,
    "num_workers": 4
  }
}