{
  "timestamp": "2025-12-29T10:44:01.480738",
  "algorithm": "PTF-Parallel",
  "metrics": {
    "execution_time_ms": 12829.107761383057,
    "memory_used_kb": 360864.0
  },
  "parameters": {
    "top_k": 10,
    "num_workers": 4
  }
}