{
  "timestamp": "2025-12-29T10:41:24.614064",
  "algorithm": "PTF-Parallel",
  "metrics": {
    "execution_time_ms": 47657.407999038696,
    "memory_used_kb": 421368.0
  },
  "parameters": {
    "top_k": 1000,
    "num_workers": 4
  }
}